City_ID,City,Lat,Lng,Max Temp,Humidity,Cloudiness,Wind Speed,Country,Date
0,waitangi,-43.9535,-176.5597,14.34,98,100,5.36,NZ,1729986156
1,turpan,42.9333,89.1667,15.22,37,98,2.01,CN,1729986157
2,labrador city,52.9463,-66.9114,0.1,90,100,31.74,CA,1729986160
3,alofi,-19.0595,-169.9187,25.94,78,75,5.66,NU,1729986162
4,adamstown,-25.066,-130.1015,20.05,91,100,6.83,PN,1729986163
5,georgetown,5.4112,100.3354,25.96,88,40,2.06,MY,1729986143
6,qujing,25.4833,103.7833,11.64,79,100,2.61,CN,1729986165
7,edinburgh of the seven seas,-37.0676,-12.3116,15.75,95,100,11.53,SH,1729986167
8,timimoun,29.2639,0.231,22.21,35,0,4.12,DZ,1729986168
9,tadine,-21.55,167.8833,25.71,64,100,5.49,NC,1729986169
10,ribeira grande,38.5167,-28.7,19.87,73,35,4.02,PT,1729986170
11,opuwo,-18.0607,13.84,17.76,37,1,4.01,NA,1729986171
12,atafu village,-8.5421,-172.5159,28.04,79,94,6.06,TK,1729986173
13,albany,42.6001,-73.9662,9.77,45,2,1.34,US,1729985450
14,miquelon,47.0975,-56.3814,9.43,72,64,7.38,PM,1729986175
15,puerto natales,-51.7236,-72.4875,6.7,75,100,4.45,CL,1729986177
16,wailua homesteads,22.0669,-159.378,25.48,93,100,6.17,US,1729986180
17,lawton,34.6087,-98.3903,23.95,38,0,3.6,US,1729985991
18,alice springs,-23.7,133.8833,23.75,10,55,3.6,AU,1729986183
19,saint-louis,16.3333,-15.0,31.83,18,100,3.79,SN,1729985700
20,fale old settlement,-9.3852,-171.2468,28.24,76,91,4.95,TK,1729986185
21,port-aux-francais,-49.35,70.2167,1.51,68,43,14.15,TF,1729986186
22,okhotsk,59.3833,143.3,-9.75,68,11,8.39,RU,1729986189
23,nogliki,51.8333,143.1667,1.84,49,20,4.96,RU,1729986190
24,longyearbyen,78.2186,15.6401,-5.09,80,20,4.63,SJ,1729986191
25,port mathurin,-19.6833,63.4167,23.69,85,19,7.13,MU,1729986192
26,iqaluit,63.7506,-68.5145,-2.15,86,75,2.57,CA,1729986193
27,grytviken,-54.2811,-36.5092,-3.69,76,73,3.68,GS,1729986194
28,manggar,-2.8833,108.2667,28.93,71,100,3.8,ID,1729986195
29,ushuaia,-54.8,-68.3,6.81,76,40,3.6,AR,1729986181
30,misratah,32.3754,15.0925,22.24,67,0,6.92,LY,1729986198
31,port elizabeth,-33.918,25.5701,17.4,90,0,10.8,ZA,1729986200
32,punta arenas,-53.15,-70.9167,10.06,62,75,9.77,CL,1729986201
33,malango,-2.9627,119.9001,23.9,71,50,0.94,ID,1729986202
34,howrah,22.5892,88.3103,26.0,94,40,2.06,IN,1729986203
35,konstantinovka,49.6167,127.9833,2.57,53,100,2.31,RU,1729986204
36,blackmans bay,-43.0167,147.3167,17.51,54,91,0.45,AU,1729986206
37,polyarnyy,69.1989,33.4478,1.86,81,42,5.11,RU,1729986207
38,queenstown,-31.8976,26.8753,12.23,85,81,1.99,ZA,1729986208
39,margaret river,-33.95,115.0667,14.82,61,16,1.85,AU,1729986210
40,hawaiian paradise park,19.5933,-154.9731,23.28,94,100,2.57,US,1729986211
41,lihue,21.9789,-159.3672,25.81,94,100,6.17,US,1729986212
42,olonkinbyen,70.9221,-8.7187,0.55,89,69,3.46,SJ,1729986213
43,san jose del guaviare,2.5729,-72.6459,24.86,95,100,1.18,CO,1729986214
44,kodiak,57.79,-152.4072,7.73,61,0,7.2,US,1729986215
45,copiapo,-27.3667,-70.3333,18.44,48,0,2.05,CL,1729986217
46,jamestown,42.097,-79.2353,8.34,65,40,4.12,US,1729986219
47,cabo san lucas,22.8909,-109.9124,31.17,52,0,4.12,MX,1729986223
48,tralee,52.2704,-9.7026,7.02,78,44,1.04,IE,1729986224
49,roccella ionica,38.322,16.4009,18.9,74,99,2.5,IT,1729986225
50,whakatane,-37.9585,176.9854,18.43,60,61,4.74,NZ,1729986226
51,kerikeri,-35.2268,173.9474,21.06,39,11,4.57,NZ,1729986227
52,itaituba,-4.2761,-55.9836,31.11,35,72,1.18,BR,1729986228
53,fukuecho,32.6881,128.8419,22.2,88,75,2.57,JP,1729986230
54,nema,57.5067,50.5011,2.16,88,100,2.27,RU,1729986231
55,mount pearl,47.5166,-52.7813,8.97,90,100,5.66,CA,1729986233
56,vilyuchinsk,52.9306,158.4028,5.15,75,61,13.29,RU,1729986235
57,gudauri,42.4766,44.477,-8.25,53,1,4.48,GE,1729986236
58,petropavlovsk-kamchatsky,53.0452,158.6483,4.33,52,40,5.0,RU,1729986238
59,gemena,3.25,19.7667,21.44,99,100,0.36,CD,1729986240
60,kaisiadorys,54.8667,24.45,6.94,90,0,1.45,LT,1729986241
61,la gi,10.6667,107.7833,25.58,92,100,4.37,VN,1729986242
62,utrik,11.2278,169.8474,28.67,79,100,6.92,MH,1729986244
63,touros,-5.1989,-35.4608,26.18,74,55,6.04,BR,1729986194
64,iskateley,67.6803,53.1512,0.86,94,60,3.87,RU,1729986246
65,khovd,48.0056,91.6419,3.58,56,100,0.62,MN,1729986247
66,kamiiso,41.8167,140.65,14.21,72,75,3.6,JP,1729986248
67,egilsstadir,65.2653,-14.3948,1.95,69,75,6.17,IS,1729986250
68,mejit,10.2753,170.8646,28.49,79,100,5.54,MH,1729986251
69,cova figueira,14.8905,-24.2934,21.93,71,57,2.98,CV,1729986252
70,ilulissat,69.2167,-51.1,-4.99,74,75,8.23,GL,1729986254
71,brookings,44.3114,-96.7984,11.77,49,89,7.02,US,1729986256
72,constantia,44.1833,28.65,8.17,63,0,2.01,RO,1729986039
73,nizhneudinsk,54.9076,99.0276,1.92,94,100,1.23,RU,1729986258
74,badger,64.8,-147.5333,-7.79,84,75,2.06,US,1729986260
75,talnakh,69.4865,88.3972,-20.88,91,50,2.97,RU,1729986261
76,san jose de guanipa,8.8872,-64.1651,27.55,66,100,5.07,VE,1729986263
77,santa cruz,-17.8,-63.1667,20.03,94,75,5.66,BO,1729985987
78,kavkazskaya,45.445,40.6728,4.48,65,0,2.37,RU,1729986265
79,baruun-urt,46.6806,113.2792,0.24,77,70,3.52,MN,1729986268
80,bredasdorp,-34.5322,20.0403,13.34,89,84,6.0,ZA,1729986269
81,uliastay,47.7417,96.8444,-2.95,72,100,2.67,MN,1729986271
82,flying fish cove,-10.4217,105.6791,25.82,83,75,4.63,CX,1729986272
83,neyriz,29.1988,54.3278,17.91,50,76,2.24,IR,1729986274
84,sitka,57.0531,-135.33,8.94,71,75,5.66,US,1729986275
85,great bend,38.3645,-98.7648,17.07,32,0,3.6,US,1729986095
86,tazacorte,28.629,-17.9293,20.54,80,75,6.17,ES,1729986278
87,rongelap,11.1635,166.8941,28.66,78,86,6.03,MH,1729986279
88,hasaki,35.7333,140.8333,21.65,68,90,4.76,JP,1729986280
89,dalbandin,28.8947,64.4101,20.35,26,0,3.77,PK,1729986281
90,richards bay,-28.783,32.0377,18.97,91,100,3.32,ZA,1729986282
91,raja,8.4596,25.678,22.65,91,91,0.78,SS,1729986283
92,aleksandrov gay,50.147,48.5704,5.75,67,98,4.27,RU,1729986285
93,sumusta as sultani,28.9167,30.85,18.83,64,1,4.97,EG,1729986286
94,roma,43.2128,-75.4557,8.39,60,75,4.02,US,1729986287
95,papatowai,-46.5619,169.4708,6.75,96,100,4.15,NZ,1729986288
96,tura,25.5198,90.2201,21.34,79,88,1.41,IN,1729986290
97,puerto ayora,-0.7393,-90.3518,20.86,92,92,3.13,EC,1729986291
98,port lincoln,-34.7333,135.8667,17.77,67,0,5.63,AU,1729986292
99,yongchuan,29.3514,105.8947,15.82,88,100,2.81,CN,1729986293
100,ghadamis,30.1337,9.5007,23.74,25,0,4.53,LY,1729986294
101,sinop,41.7711,34.8709,7.85,87,39,2.01,TR,1729986296
102,harper,4.375,-7.7169,25.13,89,34,3.37,LR,1729986297
103,invercargill,-46.4,168.35,6.69,96,100,3.22,NZ,1729986298
104,bilibino,68.0546,166.4372,-11.91,93,98,1.38,RU,1729986300
105,nova sintra,14.8667,-24.7167,27.53,75,74,7.32,CV,1729986301
106,preobrazheniye,42.9019,133.9064,10.06,80,100,2.09,RU,1729986303
107,mwinilunga,-11.7358,24.4293,18.24,92,97,3.54,ZM,1729986304
108,vorgashor,67.5833,63.95,-3.13,97,100,6.06,RU,1729986306
109,berdigestyakh,62.0989,126.6992,-22.55,100,75,0.92,RU,1729986307
110,meadow lakes,61.6247,-149.6011,1.34,69,0,1.54,US,1729986308
111,pauini,-7.7136,-66.9764,27.82,64,71,0.96,BR,1729986309
112,talcahuano,-36.7167,-73.1167,16.82,67,0,4.12,CL,1729986178
113,karratha,-20.7377,116.8463,33.84,13,1,3.54,AU,1729986311
114,udachny,66.4167,112.4,-11.22,97,100,0.76,RU,1729986312
115,cajati,-24.7361,-48.1228,19.85,92,100,1.66,BR,1729986314
116,severo-yeniseyskiy,60.3725,93.0408,-0.58,98,100,1.94,RU,1729986315
117,avarua,-21.2078,-159.775,25.03,65,75,8.75,CK,1729986316
118,san antonio de pale,-1.4014,5.6325,25.27,83,98,4.4,GQ,1729986318
119,taco pozo,-25.6167,-63.2833,22.43,32,16,2.33,AR,1729986319
120,corumba,-19.0092,-57.6533,23.73,83,100,1.33,BR,1729986312
121,neon karlovasion,37.7903,26.7044,18.28,65,0,4.04,GR,1729986321
122,mendefera,14.8872,38.8153,17.66,72,54,0.83,ER,1729986322
123,mogocha,53.7333,119.7667,-5.75,89,100,0.89,RU,1729986323
124,codrington,-38.2667,141.9667,18.68,52,38,3.03,AU,1729986325
125,weno,7.4515,151.8468,29.97,79,100,2.57,FM,1729986326
126,uirauna,-6.5183,-38.4122,26.37,52,3,4.66,BR,1729986327
127,betio village,1.358,172.9211,31.02,72,22,1.48,KI,1729986328
128,vernon,50.2581,-119.2691,10.8,69,100,0.89,CA,1729986330
129,rabo de peixe,37.8,-25.5833,17.77,99,75,3.09,PT,1729986331
130,brokopondo,4.75,-55.1667,27.6,78,39,4.44,SR,1729986332
131,mandal,25.45,74.5667,23.73,33,13,1.66,IN,1729986072
132,san julian,21.0167,-102.1667,18.3,42,0,6.37,MX,1729986334
133,alesund,62.4723,6.1549,14.07,63,75,7.72,NO,1729986322
134,los alamos,35.8881,-106.307,19.88,26,40,4.12,US,1729986333
135,dakhla,23.6848,-15.958,19.4,80,48,12.19,EH,1729986338
136,labuan,5.2767,115.2417,26.2,94,20,0.0,MY,1729986340
137,enewetak,11.3474,162.3373,28.74,77,49,5.3,MH,1729986341
138,hadibu,12.65,54.0333,26.63,82,88,2.47,YE,1729986342
139,st. john's,47.5649,-52.7093,9.98,92,100,5.66,CA,1729986343
140,flin flon,54.7682,-101.865,2.91,75,75,0.0,CA,1729986344
141,bethel,41.3712,-73.414,12.19,46,9,0.89,US,1729986346
142,la passe,45.5549,-0.8967,13.44,89,100,3.74,FR,1729986347
143,plettenberg bay,-34.0527,23.3716,16.02,74,100,0.64,ZA,1729986348
144,al jawf,29.5,38.75,16.24,83,0,2.29,SA,1729986350
145,tezpur,26.6333,92.8,20.23,97,52,2.17,IN,1729986351
146,bayanhongor,46.7167,100.1167,-9.3,80,100,1.53,MN,1729986352
147,jayapura,-2.5333,140.7,23.66,86,92,1.77,ID,1729986353
148,yellowknife,62.456,-114.3525,-1.99,96,75,4.63,CA,1729986301
149,labytnangi,66.6572,66.4183,-7.98,95,100,3.07,RU,1729986355
150,chonchi,-42.6128,-73.8092,10.62,87,51,2.23,CL,1729986357
151,fortuna,40.5982,-124.1573,22.51,63,20,7.72,US,1729986358
152,ust-nera,64.5667,143.2,-18.79,96,98,2.24,RU,1729986359
153,kuala belait,4.5833,114.1833,26.99,79,99,2.02,BN,1729986361
154,zhezqazghan,47.7833,67.7667,7.67,80,100,2.31,KZ,1729986362
155,cill airne,52.05,-9.5167,6.11,86,55,1.33,IE,1729986363
156,pechea,45.6333,27.8,8.23,59,0,3.44,RO,1729986364
157,kone,-21.0595,164.8658,31.07,43,99,4.43,NC,1729986365
158,crucecita,-28.95,-58.9833,16.41,60,0,3.08,AR,1729986367
159,poso,-1.3959,120.7524,27.89,73,70,1.17,ID,1729986368
160,berezovo,63.9381,65.0419,-0.42,96,98,1.96,RU,1729986369
161,college,64.8569,-147.8028,-7.74,73,75,2.06,US,1729986370
162,klyuchi,52.2667,79.1667,8.92,73,99,6.59,RU,1729986371
163,san patricio,28.017,-97.5169,28.97,63,69,4.82,US,1729986373
164,sao gabriel da cachoeira,-0.1303,-67.0892,22.85,98,99,1.63,BR,1729986374
165,hovd,48.0056,91.6419,3.58,56,100,0.62,MN,1729986184
166,puerto armuelles,8.2833,-82.8667,27.83,75,80,0.45,PA,1729986376
167,hermanus,-34.4187,19.2345,16.0,83,99,11.04,ZA,1729986377
168,ribeira brava,32.65,-17.0667,20.4,74,38,2.51,PT,1729986378
169,n'zeto,-7.2312,12.8666,24.36,87,91,2.82,AO,1729986379
170,faya-largeau,17.9257,19.1043,22.43,21,1,8.41,TD,1729986381
171,west island,-12.1568,96.8225,25.99,78,75,5.14,CC,1729986382
172,tromso,69.6496,18.957,7.01,57,75,6.17,NO,1729986383
173,al kharijah,25.4514,30.5464,18.83,41,41,4.03,EG,1729986384
174,hamilton,39.1834,-84.5333,13.25,48,3,1.34,US,1729986131
175,sao felix do xingu,-6.6447,-51.995,27.7,46,100,0.99,BR,1729986388
176,nar'yan-mar,67.6713,53.087,0.89,94,57,3.91,RU,1729986389
177,aldinga beach,-35.2793,138.4604,22.58,50,9,2.31,AU,1729986390
178,ilhabela,-23.7781,-45.3581,22.23,91,92,3.18,BR,1729986033
179,saint-philippe,-21.3585,55.7679,24.05,83,29,2.72,RE,1729986392
180,chom thong,18.4174,98.6743,23.53,90,39,1.2,TH,1729986396
181,bamboo flat,11.7,92.7167,26.05,100,40,1.03,IN,1729986397
182,amga,60.8953,131.9608,-19.06,99,100,0.51,RU,1729986399
183,isyangulovo,52.1909,52.1909,1.38,97,75,3.67,RU,1729986400
184,tinogasta,-28.0632,-67.5649,22.05,39,0,4.72,AR,1729986401
185,brisas de zicatela,15.8369,-97.0419,30.29,84,20,1.03,MX,1729986403
186,ulladulla,-35.35,150.4667,22.35,30,91,1.82,AU,1729986405
187,penzance,50.1186,-5.5371,11.38,89,1,4.22,GB,1729986406
188,goundam,16.4145,-3.6708,30.87,19,60,3.62,ML,1729986407
189,sheregesh,52.9209,87.9869,5.84,98,100,1.97,RU,1729986408
190,gwarzo,11.9152,7.9346,22.74,25,32,3.03,NG,1729986409
191,diego de almagro,-26.3667,-70.05,18.9,30,0,1.76,CL,1729986412
192,bozova,37.3625,38.5267,12.5,39,0,2.02,TR,1729986414
193,lianyuan,27.6883,111.6642,17.29,63,100,1.72,CN,1729986415
194,bikenibeu village,1.3673,173.1241,30.98,70,20,1.54,KI,1729986416
195,east london,-33.0153,27.9116,17.92,82,69,10.6,ZA,1729986322
196,nikolayevsk-on-amure,53.1406,140.73,-1.12,63,21,2.3,RU,1729986418
197,nemuro,43.3236,145.575,10.19,65,100,4.15,JP,1729986419
198,minas de marcona,-15.2119,-75.1103,14.3,75,3,4.53,PE,1729986421
199,mayya,61.7333,130.2811,-18.81,94,59,0.6,RU,1729986423
200,carnarvon,-24.8667,113.6333,23.17,45,0,10.49,AU,1729986424
201,nahiyat al fuhud,30.9697,46.7228,19.8,27,76,3.54,IQ,1729986425
202,hithadhoo,-0.6,73.0833,27.43,75,16,3.0,MV,1729986426
203,fort bragg,35.139,-79.006,22.75,76,0,0.0,US,1729986428
204,cadale,2.7603,46.3222,25.77,84,99,4.29,SO,1729986429
205,margate,51.3813,1.3862,12.15,90,99,3.86,GB,1729986430
206,new norfolk,-42.7826,147.0587,18.17,46,99,3.04,AU,1729986431
207,kruisfontein,-34.0033,24.7314,13.6,87,90,5.4,ZA,1729986432
208,taro,-8.3862,115.28,26.03,57,41,1.19,ID,1729986434
209,dunedin,-45.8742,170.5036,8.78,99,100,0.89,NZ,1729986435
210,ephrata,40.1798,-76.1788,11.99,52,52,3.58,US,1729986436
211,anadyr,64.75,177.4833,-0.72,92,40,10.0,RU,1729986437
212,sovetsk,55.0839,21.8785,10.46,88,84,1.57,RU,1729986438
213,mezhdurechenskiy,59.6,65.9333,1.6,97,100,1.37,RU,1729986439
214,xinzhi,36.4989,111.7047,13.98,65,98,1.04,CN,1729986441
215,thompson,55.7435,-97.8558,1.09,55,75,0.0,CA,1729986442
216,nakambala,-15.8324,27.7799,25.76,34,49,3.35,ZM,1729986443
217,kaiapoi,-43.3783,172.6401,14.19,72,40,3.09,NZ,1729986444
218,ixtapa,20.7,-105.2,30.57,70,0,4.63,MX,1729986445
219,tiksi,71.6872,128.8694,-16.32,93,100,1.44,RU,1729986447
220,sabang,5.8933,95.3214,28.16,79,70,8.68,ID,1729986448
221,baotou,40.6522,109.8222,7.31,54,100,1.18,CN,1729986449
222,namibe,-15.1961,12.1522,20.57,85,93,0.89,AO,1729986450
223,ringkobing,56.0901,8.244,13.99,94,100,4.63,DK,1729986451
224,geraldton,-28.7667,114.6,16.23,72,0,4.12,AU,1729986452
225,remire-montjoly,4.9167,-52.2667,27.02,78,0,2.57,GF,1729986454
226,hashtpar,37.8008,48.9037,13.1,91,100,3.74,IR,1729986455
227,laguna,38.421,-121.4238,26.17,31,0,1.54,US,1729986456
228,ca mau,9.1769,105.15,25.9,89,100,2.78,VN,1729986457
229,quellon,-43.1167,-73.6167,8.28,82,46,4.34,CL,1729986459
230,praia da vitoria,38.7333,-27.0667,18.14,77,75,1.52,PT,1729986460
231,gaozhou,21.9392,110.8461,22.51,76,95,3.42,CN,1729986461
232,kill devil hills,36.0307,-75.676,18.88,71,0,4.63,US,1729986462
233,port isabel,26.0734,-97.2086,28.02,71,0,3.6,US,1729986463
234,caranan,13.5167,123.0156,26.0,84,100,2.25,PH,1729986464
235,salinopolis,-0.6136,-47.3561,27.15,77,26,7.07,BR,1729986466
236,saguenay,48.4168,-71.0657,4.49,76,100,8.23,CA,1729986286
237,songea,-10.6833,35.65,19.04,78,88,3.12,TZ,1729986468
238,qarqaraly,49.4058,75.4742,4.75,75,91,6.64,KZ,1729986469
239,akureyri,65.6835,-18.0878,0.96,80,100,12.35,IS,1729986471
240,ola,59.5833,151.2833,-7.94,53,100,6.38,RU,1729986473
241,dudinka,69.4058,86.1778,-27.09,100,70,2.16,RU,1729986474
242,ciudad cuauhtemoc,22.1833,-97.8333,27.06,78,75,2.57,MX,1729986475
243,panguma,8.1833,-11.1333,21.62,99,42,0.76,SL,1729986477
244,shahin dezh,36.6793,46.5669,6.62,39,28,0.69,IR,1729986478
245,cabedelo,-6.9811,-34.8339,25.37,80,27,5.21,BR,1729986479
246,dothan,31.2232,-85.3905,25.95,65,0,0.42,US,1729986480
247,rosario del tala,-32.3029,-59.1455,16.5,46,0,1.1,AR,1729986481
248,ordubad,38.9059,46.0234,7.02,87,41,3.31,AZ,1729986482
249,isafjordur,66.0755,-23.124,-3.61,85,99,3.15,IS,1729986484
250,rio grande,-32.035,-52.0986,14.56,62,0,1.74,BR,1729986189
251,zouerate,22.7187,-12.4521,22.59,43,90,7.02,MR,1729986486
252,arraial do cabo,-22.9661,-42.0278,23.21,95,93,9.39,BR,1729986488
253,murghob,38.1702,73.9667,-1.69,62,22,2.16,TJ,1729986489
254,aykhal,66.0,111.5,-11.21,97,100,1.18,RU,1729986491
255,christchurch,-43.5333,172.6333,14.11,72,40,3.09,NZ,1729986362
256,lebu,-37.6167,-73.65,11.34,86,5,9.06,CL,1729986493
257,beitbridge,-22.2167,30.0,22.79,76,8,6.79,ZW,1729986496
258,urengoy,65.9667,78.3667,-18.46,100,85,1.5,RU,1729986498
259,priozersk,61.0393,30.1291,7.27,86,52,1.59,RU,1729986500
260,fort st. john,56.2499,-120.8529,-0.06,80,75,3.09,CA,1729986501
261,norfolk,42.1668,-71.2495,12.87,39,4,0.45,US,1729986502
262,kotlas,61.2611,46.6556,5.72,92,100,4.29,RU,1729986503
263,sao joao da barra,-21.6403,-41.0511,25.22,84,73,4.64,BR,1729986505
264,kenai,60.5544,-151.2583,4.05,67,0,2.06,US,1729986506
265,honfleur,49.4198,0.2329,14.86,94,100,4.63,FR,1729986507
266,nizhniy kuranakh,58.8353,125.4869,-5.51,96,100,0.2,RU,1729986508
267,funadhoo,6.15,73.2667,27.85,82,98,7.07,MV,1729986510
268,thunder bay,48.4001,-89.3168,7.99,42,20,2.57,CA,1729986358
269,port alfred,-33.5906,26.891,17.88,84,84,3.58,ZA,1729986512
270,qaqortoq,60.7167,-46.0333,-2.61,55,99,3.59,GL,1729986515
271,stanley,54.868,-1.6985,7.5,87,0,4.12,GB,1729986518
272,shadegan,30.6497,48.6647,20.53,26,100,3.49,IR,1729986519
273,lompoc,34.6391,-120.4579,23.29,69,0,4.12,US,1729986466
274,guerrero negro,27.9769,-114.0611,22.43,58,67,6.16,MX,1729986329
275,agadez,19.75,10.25,24.24,19,6,2.15,NE,1729986523
276,alotau,-10.3069,150.4462,28.98,72,73,3.37,PG,1729986524
277,baikunthpur,23.25,82.55,21.16,85,75,1.64,IN,1729986525
278,robertsport,6.7533,-11.3686,26.29,83,26,1.89,LR,1729986527
279,tazovsky,67.4667,78.7,-16.94,99,89,2.89,RU,1729986529
280,sao tome,0.3365,6.7273,25.88,88,62,2.73,ST,1729986530
281,reynoldsburg,39.9548,-82.8121,11.17,51,19,3.37,US,1729986266
282,sandnessjoen,66.0217,12.6316,8.22,75,96,9.01,NO,1729986533
283,jeremie,18.65,-74.1167,27.28,88,100,2.4,HT,1729986534
284,visakhapatnam,17.69,83.2093,25.37,87,51,1.68,IN,1729986536
285,george town,5.4112,100.3354,25.96,88,40,2.06,MY,1729986366
286,nuku'alofa,-21.1333,-175.2,27.19,83,20,5.14,TO,1729986538
287,boa vista,2.8197,-60.6733,32.99,49,0,4.12,BR,1729986540
288,bismarck,46.8083,-100.7837,13.14,46,0,4.12,US,1729986315
289,afaahiti,-17.75,-149.2833,22.93,75,56,8.54,PF,1729986543
290,bandar lampung,-5.4254,105.258,27.1,72,13,3.02,ID,1729986545
291,pathein,16.7833,94.7333,24.18,89,68,2.16,MM,1729986546
292,hongch'on,37.6918,127.8857,14.3,80,100,1.03,KR,1729986548
293,saldanha,-33.0117,17.9442,14.03,90,92,6.79,ZA,1729986424
294,dul'durga,50.6761,113.5931,-5.49,93,37,1.91,RU,1729986550
295,hell-ville,-13.4,48.2667,26.18,82,21,1.88,MG,1729986552
296,port blair,11.6667,92.75,26.02,100,40,1.03,IN,1729986553
297,bel ombre,-4.6167,55.4167,25.91,73,20,1.54,SC,1729986555
298,palu,-0.8917,119.8707,25.29,96,100,1.87,ID,1729986556
299,guiuan,11.0333,125.7247,27.19,81,100,12.89,PH,1729986558
300,tekeli,44.83,78.8239,6.14,72,73,2.6,KZ,1729986560
301,tsiombe,-25.3,45.4833,19.84,96,1,0.54,MG,1729986561
302,luganville,-15.5333,167.1667,27.9,78,95,5.26,VU,1729986562
303,howard springs,-12.497,131.047,32.15,81,42,1.63,AU,1729986564
304,villa gesell,-37.2639,-56.973,13.1,77,2,8.56,AR,1729986565
305,maceio,-9.6658,-35.7353,23.69,88,0,2.06,BR,1729986522
306,zaozersk,69.4005,32.4476,1.32,82,49,4.83,RU,1729986567
307,natal,-5.795,-35.2094,26.12,73,0,5.14,BR,1729986550
308,bechar,31.6167,-2.2167,30.18,45,20,3.6,DZ,1729986571
309,irbit,57.6705,63.071,3.41,90,100,1.12,RU,1729986573
310,mata-utu,-13.2816,-176.1745,27.82,80,93,9.13,WF,1729986574
311,oneonta,42.4529,-75.0638,6.0,62,39,2.25,US,1729986557
312,kupang,-10.1667,123.5833,31.32,79,20,2.06,ID,1729986577
313,rovnoye,50.7765,46.0509,4.84,64,36,3.75,RU,1729986579
314,dryden,49.7833,-92.7503,6.16,39,75,1.54,CA,1729986580
315,viitasaari,63.0667,25.8667,3.68,92,0,2.75,FI,1729986505
316,cabeza del buey,38.7223,-5.2195,8.44,89,92,0.33,ES,1729986582
317,puerto carreno,6.189,-67.4859,30.99,70,40,3.09,CO,1729986583
318,murzuq,25.9155,13.9184,18.8,32,0,4.66,LY,1729986585
319,yuzhno-kurilsk,44.0306,145.8556,8.91,64,94,3.71,RU,1729986586
320,holdrege,40.4403,-99.3698,14.95,31,0,5.14,US,1729986587
321,baie-saint-paul,47.4411,-70.4986,5.55,67,4,4.84,CA,1729986588
322,magadan,59.5667,150.8,-8.01,53,100,4.58,RU,1729986590
323,yaren,-0.5472,166.916,28.11,73,68,4.34,NR,1729986591
324,kirillov,59.863,38.3813,6.34,77,100,1.8,RU,1729986593
325,zalingei,12.9096,23.4741,22.63,25,99,1.71,SD,1729986595
326,balabac,7.9868,117.0645,28.49,76,92,5.1,PH,1729986596
327,kapuskasing,49.4169,-82.4331,1.05,93,75,4.12,CA,1729986597
328,san luis de la loma,17.2706,-100.8939,27.47,85,0,2.2,MX,1729986599
329,monteagudo,-19.8167,-63.9833,19.04,61,100,0.63,BO,1729986600
330,zakamensk,50.3741,103.2863,-0.18,74,49,0.57,RU,1729986602
331,peterhead,57.5058,-1.7981,6.98,79,83,7.46,GB,1729986604
332,asau,46.4333,26.4,9.44,50,61,2.45,RO,1729986606
333,crane,31.3974,-102.3501,24.28,43,0,2.45,US,1729986534
334,nuuk,64.1835,-51.7216,-2.66,68,20,5.66,GL,1729986609
335,kattivakkam,13.2167,80.3167,27.76,90,47,2.53,IN,1729986610
336,rawson,-43.3002,-65.1023,19.16,27,0,5.14,AR,1729986611
337,laascaanood,8.4774,47.3597,23.73,78,28,4.33,SO,1729986612
338,parapat,2.663,98.9349,19.94,86,100,2.08,ID,1729986613
339,khandyga,62.6667,135.6,-15.39,93,92,0.76,RU,1729986614
340,lobujya,27.95,86.8167,-7.21,15,0,5.56,NP,1729986616
341,batticaloa,7.7102,81.6924,26.53,81,97,0.55,LK,1729986617
342,arish,31.1316,33.7984,21.68,61,0,4.95,EG,1729986618
343,makarov,48.6333,142.8,4.41,51,83,2.19,RU,1729986619
344,selfoss,63.9331,-20.9971,-0.26,85,39,3.9,IS,1729986620
345,monteros,-27.1674,-65.4983,22.61,44,72,0.9,AR,1729986441
346,el calafate,-50.3408,-72.2768,8.01,68,100,3.86,AR,1729986623
347,san ignacio,17.1561,-89.0714,23.08,94,75,0.0,BZ,1729986624
348,nizhneangarsk,55.7833,109.55,0.4,87,97,1.29,RU,1729986626
349,lagoa,39.05,-27.9833,17.84,64,47,1.75,PT,1729986627
350,lerwick,60.1545,-1.1494,8.93,69,85,9.09,GB,1729986628
351,lensk,60.7253,114.9278,-2.85,98,100,0.82,RU,1729986419
352,bozdar wada,27.1828,68.636,28.34,26,9,0.67,PK,1729986631
353,kuching,1.55,110.3333,28.34,89,20,0.0,MY,1729986632
354,prado,-17.3411,-39.2208,25.41,76,40,8.19,BR,1729986633
355,cockburn town,21.4612,-71.1419,28.98,94,75,7.2,TC,1729986557
356,mirny,62.5353,113.9611,-9.93,97,100,0.88,RU,1729986635
357,north elba,44.2434,-73.9543,3.25,62,64,4.69,US,1729986637
358,lazaro cardenas,17.9583,-102.2,27.92,81,0,2.86,MX,1729986638
359,boksitogorsk,59.474,33.8485,6.92,88,100,1.44,RU,1729986639
360,medina del campo,41.3124,-4.9141,4.82,86,57,0.77,ES,1729986629
361,lins,-21.6786,-49.7425,24.93,82,93,2.43,BR,1729986642
362,san juan,-31.5375,-68.5364,24.08,23,38,5.22,AR,1729986643
363,nantucket,41.2835,-70.0995,14.06,47,0,5.14,US,1729986481
364,general mosconi,-23.1851,-62.303,25.03,25,67,3.34,AR,1729986645
365,manismata,-2.4667,111.0333,26.74,82,98,0.7,ID,1729986646
366,chernyshevskiy,63.0128,112.4714,-11.55,98,100,0.61,RU,1729986647
367,prince george,53.9166,-122.753,7.69,91,100,1.54,CA,1729986648
368,tolanaro,-25.0319,46.9987,23.04,83,20,2.57,MG,1729986650
369,gadzhiyevo,69.2551,33.3362,1.68,82,40,5.03,RU,1729986651
370,whitehorse,60.7161,-135.0538,-0.57,80,100,5.66,CA,1729986652
371,kodinsk,58.6881,99.1844,1.56,98,100,2.46,RU,1729986653
372,san mariano,7.5,126.0,26.0,78,75,1.03,PH,1729986654
373,kilindoni,-7.9139,39.6668,25.91,88,91,4.7,TZ,1729986656
374,la'ie,21.6477,-157.9253,28.98,83,100,2.24,US,1729986657
375,la barca,20.2833,-102.5667,21.51,38,0,0.74,MX,1729986658
376,puerto baquerizo moreno,-0.9,-89.6,20.61,80,81,4.82,EC,1729986608
377,monrovia,6.3005,-10.7969,25.65,86,76,1.82,LR,1729986660
378,kavieng,-2.5744,150.7967,29.83,72,95,7.03,PG,1729986661
379,corinto,37.9407,22.9573,13.83,57,69,1.05,GR,1729986663
380,livingston,55.9029,-3.5226,5.88,89,36,2.99,GB,1729986664
381,sur,22.5667,59.5289,27.79,42,9,2.21,OM,1729986665
382,kurumkan,54.3,110.3,-2.12,95,81,1.3,RU,1729986666
383,mindresti,47.5072,28.2769,7.74,59,80,2.98,MD,1729986667
384,aasiaat,68.7098,-52.8699,-10.75,99,74,4.35,GL,1729986669
385,nadi,-17.8,177.4167,29.0,70,20,5.66,FJ,1729986638
386,greymouth,-42.4667,171.2,12.82,74,86,2.49,NZ,1729986459
387,novodvinsk,64.4165,40.8122,-1.14,91,6,1.33,RU,1729986673
388,ta`u,-14.2336,-169.5144,27.08,83,27,7.23,AS,1729986675
389,along,28.1667,94.7667,15.55,94,44,0.54,IN,1729986677
390,skelleftea,64.7507,20.9528,4.2,100,100,4.12,SE,1729986678
391,thinadhoo,0.5333,72.9333,27.4,72,21,3.36,MV,1729986679
392,juneau,58.3019,-134.4197,7.0,81,75,0.0,US,1729986534
393,mo i rana,66.3128,14.1428,9.26,83,100,6.17,NO,1729986681
394,nchelenge,-9.3451,28.734,23.43,76,98,3.28,ZM,1729986682
395,kaoma,-14.7833,24.8,24.2,37,31,1.71,ZM,1729986684
396,pombas,17.1503,-25.0201,19.73,78,97,4.24,CV,1729986685
397,kingston,17.997,-76.7936,28.53,84,20,4.63,JM,1729986629
398,dolinsk,47.35,142.8,5.52,59,100,1.99,RU,1729986687
399,swakopmund,-22.6833,14.5333,14.43,85,78,0.89,NA,1729986689
400,grand falls-windsor,48.9332,-55.6649,6.95,90,84,2.55,CA,1729986690
401,suihua,46.6406,126.9969,2.91,57,67,3.2,CN,1729986691
402,itabera,-23.8619,-49.1372,19.41,81,100,6.74,BR,1729986692
403,saipan,15.1355,145.701,30.39,79,40,5.14,MP,1729986694
404,prineville,44.2999,-120.8345,23.03,27,0,5.14,US,1729986466
405,ape,57.5393,26.6929,7.75,87,100,1.41,LV,1729986696
406,uturoa,-16.7333,-151.4333,25.38,65,62,7.85,PF,1729986697
407,santa ana de yacuma,-13.75,-65.4333,21.97,94,75,3.09,BO,1729986698
408,awjilah,29.1081,21.2869,18.91,47,0,2.81,LY,1729986700
409,mirnyy,62.5353,113.9611,-9.93,97,100,0.88,RU,1729986703
410,mendoza,-32.8908,-68.8272,23.74,31,0,1.03,AR,1729986112
411,holualoa,19.6228,-155.9522,27.13,84,100,4.63,US,1729986705
412,bandon,51.7469,-8.7425,7.77,78,30,1.72,IE,1729986706
413,saint-francois,46.4154,3.9054,15.36,83,0,1.54,FR,1729986707
414,auki,-8.7676,160.7034,26.69,81,100,1.99,SB,1729986709
415,zheleznogorsk-ilimskiy,56.5768,104.1217,1.8,98,100,2.75,RU,1729986710
416,piikkio,60.4248,22.516,9.25,92,100,1.54,FI,1729986711
417,pekalongan,-6.8886,109.6753,28.45,63,28,1.18,ID,1729986712
418,deoband,29.7,77.6833,20.5,85,0,2.33,IN,1729986713
419,sawakin,19.1059,37.3321,29.04,80,11,3.83,SD,1729986714
420,san martin,-33.081,-68.4681,21.56,27,0,1.86,AR,1729986716
421,male,4.1748,73.5089,28.97,74,75,6.17,MV,1729986717
422,sao jose de piranhas,-7.1206,-38.5019,27.48,27,4,2.92,BR,1729986718
423,chimoio,-19.1164,33.4833,21.92,88,20,0.52,MZ,1729986719
424,yung shue wan,22.2333,114.1167,25.93,79,42,1.79,HK,1729986720
425,telimele,10.9167,-13.3333,21.89,97,30,1.05,GN,1729986722
426,pekanbaru,0.5333,101.45,25.18,88,94,0.0,ID,1729986723
427,ponta delgada,37.7333,-25.6667,18.44,77,75,3.09,PT,1729986725
428,alpine,32.835,-116.7664,26.31,33,0,4.63,US,1729986726
429,belyy yar,53.6039,91.3903,4.94,100,20,2.0,RU,1729986727
430,jaumave,23.4167,-99.3833,19.18,74,60,0.54,MX,1729986728
431,xique xique,-10.8217,-42.7311,28.84,47,33,2.83,BR,1729986729
432,batavia,41.85,-88.3126,9.73,50,0,2.06,US,1729986731
433,dubbo,-32.25,148.6167,20.07,45,99,3.6,AU,1729986732
434,al hazm,16.1641,44.7769,24.11,39,7,2.5,YE,1729986733
435,swift current,50.2834,-107.8014,16.45,36,0,4.12,CA,1729986613
436,ha'il,27.5219,41.6907,15.01,100,0,4.12,SA,1729986736
437,horta,38.5333,-28.6333,19.45,73,40,4.92,PT,1729986737
438,katsuura,35.1333,140.3,22.15,77,81,5.71,JP,1729986739
439,cape coast,5.1053,-1.2466,25.19,90,84,3.1,GH,1729986740
440,vicksburg,32.3526,-90.8779,27.82,78,0,2.06,US,1729986642
441,taveta,-3.3963,37.6736,21.98,82,88,2.96,KE,1729986742
442,bairnsdale,-37.8333,147.6167,22.73,30,92,1.41,AU,1729986743
443,santa elena de uairen,4.6167,-61.1333,23.51,66,85,0.88,VE,1729986744
444,trujillo,-8.116,-79.03,17.98,88,61,4.12,PE,1729986746
445,axim,4.8699,-2.2405,25.23,91,96,2.93,GH,1729986747
446,belton,38.812,-94.5319,14.58,49,25,3.5,US,1729986748
447,colonia,50.9333,6.95,13.3,87,0,4.12,DE,1729986453
448,fier,40.7239,19.5561,16.5,75,35,0.94,AL,1729986750
449,namtsy,62.7161,129.6658,-21.28,95,46,1.0,RU,1729986752
450,altos del rosario,8.7944,-74.1658,26.88,95,84,1.33,CO,1729986753
451,bryne,58.7354,5.6477,10.52,87,100,4.63,NO,1729986754
452,murray bridge,-35.1167,139.2667,22.1,43,5,3.78,AU,1729986755
453,portland,45.5234,-122.6762,17.23,91,97,0.89,US,1729986630
454,las lomitas,-24.7096,-60.593,22.36,30,100,2.6,AR,1729986759
455,molde,62.7375,7.1591,12.91,71,75,2.06,NO,1729986760
456,alenquer,-1.9417,-54.7383,30.71,40,72,2.45,BR,1729986761
457,susuman,62.7833,148.1667,-16.88,94,100,1.2,RU,1729986762
458,gazojak,41.1875,61.4036,11.76,66,48,3.56,TM,1729986764
459,ishigaki,24.3448,124.1572,28.07,83,20,3.6,JP,1729986766
460,corner brook,48.9667,-57.9484,2.38,95,55,2.11,CA,1729986767
461,happy valley-goose bay,53.3168,-60.3315,0.17,93,100,0.0,CA,1729986768
462,sebin karahisar,40.2883,38.4236,2.76,80,23,1.56,TR,1729986770
463,ginir,7.1333,40.7,14.56,85,57,1.76,ET,1729986771
464,tirat karmel,32.7617,34.9719,20.89,42,0,3.75,IL,1729986772
465,zhanibek,49.4167,46.85,3.18,74,35,3.67,KZ,1729986773
466,claudio,-20.4433,-44.7658,21.46,90,88,4.07,BR,1729986774
467,ust'-charyshskaya pristan',52.3934,83.6635,9.06,84,100,3.94,RU,1729986775
468,prince rupert,54.3161,-130.3201,7.83,87,100,14.92,CA,1729986777
469,pariaman,-0.619,100.12,22.03,77,79,1.48,ID,1729986778
470,tosontsengel,48.7567,98.2839,-3.86,75,100,0.71,MN,1729986779
471,suolahti,62.5642,25.8536,3.87,100,1,2.11,FI,1729986780
472,pisco,-13.7,-76.2167,19.03,72,20,4.12,PE,1729986554
473,greenville,35.6127,-77.3663,20.08,80,0,0.89,US,1729986782
474,mount isa,-20.7333,139.5,31.87,23,20,4.63,AU,1729986787
475,luderitz,-26.6481,15.1594,14.97,73,89,4.27,NA,1729986788
476,makoua,0.0069,15.6333,21.55,98,84,1.19,CG,1729986790
477,tot'ma,59.9747,42.7642,4.84,91,86,3.74,RU,1729986791
478,eydhafushi,5.1033,73.0708,27.94,78,93,7.14,MV,1729986792
479,newman,37.3138,-121.0208,25.03,33,100,0.45,US,1729986706
480,nili,33.7218,66.1302,9.09,52,16,0.77,AF,1729986794
481,kapa'a,22.0752,-159.319,26.22,93,100,6.17,US,1729986795
482,mitu,1.1983,-70.1733,24.26,92,100,0.99,CO,1729986797
483,kununurra,-15.7667,128.7333,32.99,46,43,3.09,AU,1729986798
484,barra do bugres,-15.0725,-57.1811,23.93,91,97,1.97,BR,1729986799
485,botucatu,-22.8858,-48.445,18.8,86,96,4.23,BR,1729986800
486,naze,28.3667,129.4833,26.51,83,77,4.26,JP,1729986801
487,taoudenni,22.6783,-3.9836,27.23,23,100,1.78,ML,1729986803
488,karaton,-6.3424,106.1045,25.73,75,72,1.78,ID,1729986804
489,puerto ayacucho,5.6639,-67.6236,24.39,93,98,3.97,VE,1729986805
490,gorom-gorom,14.4439,-0.2361,29.7,19,55,3.32,BF,1729986807
491,recani,31.2846,-4.2688,19.35,45,1,5.75,MA,1729986808
492,novyy urgal,51.0736,132.5642,-1.76,55,84,0.74,RU,1729986809
493,oriximina,-1.7656,-55.8661,30.38,43,52,1.97,BR,1729986810
494,udgir,18.3833,77.1167,19.01,76,2,2.61,IN,1729986812
495,banff,51.1762,-115.5698,10.21,46,39,4.63,CA,1729986813
496,pakxan,18.3778,103.6601,22.55,74,100,1.12,LA,1729986814
497,halikko,60.4,23.0833,9.03,95,87,1.43,FI,1729986816
498,barrancabermeja,7.0653,-73.8547,31.18,74,20,2.57,CO,1729986817
499,la ronge,55.1001,-105.2842,6.14,45,40,4.63,CA,1729986818
500,reuleuet,5.2167,96.2833,25.32,72,76,2.16,ID,1729986820
501,andalgala,-27.5819,-66.3165,19.97,50,0,3.18,AR,1729986822
502,nova vicosa,-17.8919,-39.3719,25.71,74,32,7.12,BR,1729986823
503,port macquarie,-31.4333,152.9167,20.6,65,67,3.13,AU,1729986824
504,la palma,33.8464,-118.0467,28.98,54,20,4.12,US,1729986826
505,vila franca do campo,37.7167,-25.4333,18.27,99,95,1.83,PT,1729986827
506,trairi,-3.2778,-39.2689,25.24,80,15,5.29,BR,1729986790
507,as salamiyah,35.0113,37.0532,14.65,22,0,0.94,SY,1729986829
508,castillos,-34.1667,-53.8333,11.2,79,0,2.33,UY,1729986830
509,el granada,37.5027,-122.4694,22.66,63,0,5.14,US,1729986831
510,kirensk,57.7853,108.1119,1.39,99,100,1.81,RU,1729986833
511,kangar,6.4414,100.1986,26.48,86,100,3.93,MY,1729986834
512,orchard homes,46.8633,-114.0484,16.57,43,12,1.62,US,1729986835
513,gorontalo,0.5412,123.0595,28.78,67,9,1.02,ID,1729986836
514,negru voda,43.8167,28.2,9.03,73,0,2.02,RO,1729986837
515,shache,38.4167,77.2406,10.3,26,76,1.07,CN,1729986838
516,lorengau,-2.0226,147.2712,29.47,76,100,3.03,PG,1729986840
517,moyale,3.5167,39.0584,24.53,47,83,1.54,KE,1729986841
518,bom jesus,-9.0744,-44.3586,30.09,33,48,0.32,BR,1729986842
519,buenaventura,3.8801,-77.0312,27.06,94,75,0.0,CO,1729986843
520,harar,9.3094,42.1258,15.35,93,58,0.96,ET,1729986844
521,lys'va,58.1086,57.8053,1.56,94,100,1.56,RU,1729986846
522,as sulayyil,20.4607,45.5779,23.23,46,54,4.36,SA,1729986847
523,ancud,-41.8697,-73.8203,8.94,86,26,1.23,CL,1729986848
524,runing,33.0011,114.3542,16.7,62,94,3.39,CN,1729986849
525,baukau,51.5526,7.2042,14.52,86,73,1.93,DE,1729986850
526,'ain el hadjar,34.7585,0.1453,9.65,77,6,1.83,DZ,1729986852
527,slave lake,55.2834,-114.769,2.99,60,100,4.63,CA,1729986853
528,nova aurora,-22.8667,-52.5667,24.01,50,100,2.05,BR,1729986854
529,mantua,45.1667,10.7833,18.32,96,86,1.34,IT,1729986856
530,gamba,-2.65,10.0,24.82,89,91,1.99,GA,1729986857
531,coquimbo,-29.9533,-71.3436,14.85,82,40,4.12,CL,1729986632
532,al muwayh,22.4333,41.7583,25.38,36,17,3.23,SA,1729986860
533,gilgit,35.9221,74.3087,13.53,39,1,1.69,PK,1729986861
534,magdagachi,53.45,125.8,-4.89,80,90,0.42,RU,1729986862
535,callao,-12.0667,-77.15,19.84,77,75,4.12,PE,1729986739
536,mont-dore,-22.2833,166.5833,24.06,69,100,4.76,NC,1729986864
537,ferozepore,30.9167,74.6,22.18,34,0,2.06,IN,1729986866
538,phan rang-thap cham,11.5667,108.9833,25.83,75,100,1.48,VN,1729986867
539,arteche,12.2645,125.4048,26.67,83,100,4.85,PH,1729986868
540,salalah,17.0151,54.0924,27.05,83,20,1.54,OM,1729986869
541,merritt,50.1123,-120.7942,10.18,92,82,0.45,CA,1729986870
542,nyrob,60.733,56.7202,0.04,90,100,1.16,RU,1729986873
543,maitum,6.0392,124.4986,29.06,64,94,3.31,PH,1729986874
544,borodulikha,50.7184,80.9295,8.9,75,100,4.04,KZ,1729986876
545,tobruk,32.0836,23.9764,19.91,68,82,3.24,LY,1729986877
546,mizdah,31.4451,12.9801,17.87,56,12,4.93,LY,1729986878
547,pandan,14.0453,124.1694,28.25,75,100,2.33,PH,1729986879
548,obihiro,42.9172,143.2044,7.67,85,100,1.73,JP,1729986880
549,looe,50.3578,-4.4542,12.29,90,0,2.95,GB,1729986882
550,necochea,-38.5473,-58.7368,9.51,89,0,2.38,AR,1729986795
